"pn.boutId","pn.bodyId","pn.glomerulus","nsyn","nkc","center.x","center.y","center.z","bp","bp.x","bp.y","bp.z","child","boutpt","coll.length"
"1827516355_1",1827516355,"DA2",23,13,-18695.79585,-2058.86966,-14679.23127,338,-18547.028482367,-1887.82143164058,-16233.7559608522,898,920,1726.2140002084
"1827516355_3",1827516355,"DA2",4,4,-18199.08349,-1902.354448,-16188.99209,341,-18275.6034952534,-1845.75718434554,-16225.1765978284,NA,920,0
"1827516355_4",1827516355,"DA2",17,6,-16801.94375,-1659.403728,-16785.37422,355,-16958.9526115594,-1757.0556388074,-16888.9360017444,888,890,224.490526931495
"1827516355_2",1827516355,"DA2",4,5,-17711.42196,-1749.474344,-16556.18562,346,-17777.3636642002,-1767.96275117575,-16574.3393491635,NA,920,0
"1797505019_1",1797505019,"DA2",19,10,-17807.80527,-1903.980735,-16413.64688,398,-17800.5025257316,-1908.72478069144,-16422.290297428,NA,920,0
"1797505019_2",1797505019,"DA2",25,12,-18001.18315,-2282.601148,-15571.44476,393,-18129.789719643,-2124.04408599503,-16410.9320101656,827,839,958.950050989832
"1793351401_1",1793351401,"DL2d",8,9,-19531.02457,-626.4171112,-16578.91656,401,-19628.1376857582,-985.36095788791,-16868.0966371903,751,756,553.450565346686
"1793351401_2",1793351401,"DL2d",14,4,-16218.74496,-1647.928676,-16839.37453,437,-16439.8720562493,-1528.73150348885,-16977.6647249966,738,739,270.853997425203
"1756579280_1",1756579280,"DL2d",7,4,-15890.31442,-2068.920411,-16665.18558,407,-16391.6927433318,-1623.02056313501,-17046.3074743431,752,759,858.878512862231
"1756579280_2",1756579280,"DL2d",64,25,-15339.85939,-2646.930711,-15615.23027,407,-16391.6927433318,-1623.02056313501,-17046.3074743431,752,773,2234.50067562545
"574037266_2",574037266,"DA4m",26,11,-18590.0082,-3471.267558,-16838.49567,277,-19112.4543931239,-2339.97995778154,-17054.4475878857,2053,2072,1534.30845791441
"574037266_1",574037266,"DA4m",37,17,-18482.05285,-2844.424549,-15990.54225,277,-19112.4543931239,-2339.97995778154,-17054.4475878857,2053,2101,1622.0828435138
"1912789965_1",1912789965,"VL1",25,5,-19969.54432,-3015.905297,-16457.50978,376,-19644.2253485674,-2341.49300238156,-17070.2786220525,1081,9289,1232.98116003623
"1912789965_3",1912789965,"VL1",22,8,-17551.96747,-3979.072296,-16297.50178,387,-18429.9798726798,-2447.73689729833,-17033.9382990025,1012,1042,2168.27350533959
"2166133204_3",2166133204,"VL1",12,5,-19645.90963,-2979.311431,-16459.53078,6437,-19706.8171778306,-2277.9980171963,-17104.0972525068,6438,3,1126.17046391627
"2166133204_1",2166133204,"VL1",17,8,-17315.32524,-3419.788498,-16840.15609,6480,-18313.5274361063,-2481.57947883449,-16973.9534701615,6481,6513,1725.29425798339
"2166133204_2",2166133204,"VL1",14,6,-18316.07905,-2911.945925,-16785.03172,6461,-18368.478366563,-2511.15509048653,-16957.7562964158,6462,6467,422.902671018343
"754538881_1",754538881,"DA1",59,27,-18354.58851,-1666.944155,-13599.36644,312,-18348.902126745,-2149.87890010612,-16924.5185904359,733,777,3775.83691997977
"1796817841_2",1796817841,"DA2",23,13,-20440.16819,-1929.965425,-16140.66556,353,-20409.4600060838,-1886.25163535959,-16240.8928513235,911,911,120.024330866706
"1796817841_3",1796817841,"DA2",21,10,-18359.61596,-2175.754921,-15897.48722,372,-18653.6545784994,-1808.17529490633,-16336.6479844833,897,905,622.600467800169
"1796817841_4",1796817841,"DA2",19,9,-18245.51236,-1809.444331,-16434.63091,374,-18148.1621767663,-1828.02395272188,-16445.4940343568,NA,920,0
"726207450_1",726207450,"VM4",53,8,-15386.46301,-1255.838459,-16605.72934,303,-15670.7058460836,-1175.18020995584,-17111.2093391919,637,646,652.248749623494
"1765040289_2",1765040289,"DA1",38,19,-18478.54767,-2434.80625,-16136.92122,321,-18970.1190415942,-2081.01502506526,-17021.7069200829,999,1010,1077.96356629664
"1765040289_1",1765040289,"DA1",34,14,-15306.64261,-1752.224689,-16217.94575,343,-16103.2873201866,-2572.27929808376,-17423.4443407774,949,989,2233.71764047729
"666135689_1",666135689,"DA3",17,12,-18258.12398,-3740.149703,-13141.3314,289,-18620.9791494495,-1847.53276382162,-16686.7643736697,1566,1652,4804.03318952995
"666135689_2",666135689,"DA3",27,14,-14051.87334,-1848.820322,-14900.22269,314,-16313.1304268956,-2313.36797394755,-17214.7210866807,1469,1561,3740.29237713432
"1703683361_1",1703683361,"DA3",24,13,-14309.12874,-1629.685049,-15386.10397,487,-15354.2141672094,-2629.81077585897,-17571.3752048792,1804,1875,3408.57837098822
"1734420152_1",1734420152,"DL2v",63,20,-18657.90238,-3274.394137,-15746.45146,284,-18836.909914837,-1227.49718664627,-17326.6923755543,701,738,3003.56218379981
"818983130_3",818983130,"DA2",25,14,-20207.70154,-1693.149907,-15973.87607,183,-20280.4695887807,-1831.82801971739,-16450.6544357578,1292,1298,502.479556006301
"818983130_2",818983130,"DA2",32,11,-18632.03279,-1962.467414,-15801.14749,170,-18629.2709037617,-1909.29320973296,-16403.0829429569,1306,1311,631.381290191641
"818983130_1",818983130,"DA2",18,6,-15349.74323,-1870.91509,-16923.20605,137,-16032.7759531664,-2237.7922973761,-17200.2681917862,1316,1336,930.779385766422
"5813039315_3",5813039315,"DA1",42,15,-19833.10755,-833.5763291,-15724.44776,155,-19747.3170934996,-1689.20947153858,-16770.5419417515,3916,3952,1712.47439506138
"5813039315_2",5813039315,"DA1",47,27,-18044.90516,-1817.964343,-12794.68355,136,-18012.3872824051,-1789.17198604342,-17033.473313538,3972,4030,4827.41789667447
"5813039315_1",5813039315,"DA1",15,6,-17755.44116,-1306.953383,-15835.92723,136,-18012.3872824051,-1789.17198604342,-17033.473313538,3972,3987,1364.63540748108
"1609542060_3",1609542060,"DL3",47,21,-18406.80048,-2621.570695,-13610.82185,258,-18188.2817574185,-2016.68183566416,-17071.0371523367,972,1017,4137.99170315981
"1609542060_2",1609542060,"DL3",58,15,-18415.9121,-428.9371827,-14487.88678,253,-18967.3805189661,-1898.88582722915,-16969.6961924453,1041,1083,3767.63588127359
"1609542060_1",1609542060,"DL3",14,5,-18116.66871,-1620.942193,-16522.522,258,-18188.2817574185,-2016.68183566416,-17071.0371523367,972,978,714.34875570694
"754534424_3",754534424,"DA1",34,16,-19393.35944,-818.0813983,-16178.56511,321,-18885.9250709158,-1860.58757526288,-17099.714129205,801,826,1936.73900407087
"754534424_2",754534424,"DA1",44,20,-18051.33447,-1732.487279,-13394.41807,328,-17932.2217935538,-1901.81053073406,-17158.3824911319,720,775,4561.87120463799
"754534424_1",754534424,"DA1",24,10,-17527.89988,-1507.019759,-16215.62097,328,-17932.2217935538,-1901.81053073406,-17158.3824911319,720,730,1163.60142696247
"5813054697_1",5813054697,"VA1v",95,34,-17246.86495,-1509.842095,-14353.88312,284,-17765.5885443975,-1403.45298146584,-17235.8372738311,808,838,3191.00219314463
"1788300760_1",1788300760,"VA1v",94,30,-16615.36401,-1682.382422,-14553.06082,289,-18256.9386581373,-1130.5460014818,-17028.8508588086,850,884,3305.57648937934
"1888572074_1",1888572074,"VM5d",56,35,-19647.5761,-725.9840032,-14052.93714,327,-18637.9618655367,-1151.17981356957,-16909.4218371188,692,721,3730.66874900332
"1888572074_3",1888572074,"VM5d",21,7,-17528.28295,-687.5253666,-16676.81231,335,-17884.0188671327,-1270.60533526882,-17162.1426908772,676,684,913.709037909449
"1888572074_2",1888572074,"VM5d",39,26,-17735.05761,-633.2265308,-13747.21346,327,-18637.9618655367,-1151.17981356957,-16909.4218371188,692,764,3654.87142754771
"5813055184_2",5813055184,"D",36,12,-19392.75449,-1281.699327,-16178.06575,144,-19791.4495342741,-1473.74312844397,-16854.7442734574,4400,4409,875.880912559181
"5813055184_1",5813055184,"D",89,36,-17798.86785,-1743.923899,-15372.22396,130,-17880.4085569986,-1585.63172387685,-17153.4824286803,4431,4451,2021.65453735633
"5813024712_2",5813024712,"VM5d",70,31,-18290.30064,-764.0682978,-14869.00447,305,-18346.9903089613,-894.071198638972,-16822.61951346,719,750,2113.35237834205
"5813024712_1",5813024712,"VM5d",29,17,-20925.34211,-1366.911689,-14330.2465,294,-19331.7106720108,-889.979484893676,-16900.4111870135,770,849,4361.75516970685
"5813024712_3",5813024712,"VM5d",41,19,-16333.93516,-412.2079459,-15004.96919,311,-17683.3717877568,-1096.80879491563,-16899.7189646267,684,709,2592.71938141245
"5813024712_4",5813024712,"VM5d",5,6,-16871.23373,-690.9290719,-16139.7751,311,-17683.3717877568,-1096.80879491563,-16899.7189646267,684,699,1296.80756400275
"722817260_3",722817260,"DA1",53,27,-17764.16995,-1530.978176,-12775.524,111,-18374.9959021993,-2047.29475028906,-16881.7091628662,4044,4107,4633.66851408294
"722817260_1",722817260,"DA1",43,14,-19023.66069,-613.8926436,-15644.92861,123,-19654.4670894684,-2006.89426733453,-16725.324055119,3985,4027,2369.81430745341
"722817260_2",722817260,"DA1",20,7,-17783.51705,-1532.48635,-15912.07755,111,-18374.9959021993,-2047.29475028906,-16881.7091628662,4044,4127,1406.87976430459
"1670934213_3",1670934213,"DL4",57,20,-20267.60815,-1126.626715,-16102.17297,203,-20264.9647962476,-1320.05536140245,-16704.859761449,1705,1710,654.694546357253
"1670934213_1",1670934213,"DL4",31,16,-18289.00612,-1740.215587,-14664.66803,212,-18461.5293948203,-1301.15004025649,-16585.9137160702,1655,1685,2267.53103109181
"1670934213_2",1670934213,"DL4",13,6,-17521.93537,-1359.77209,-16612.37239,219,-17537.6938210649,-1363.08433307329,-16670.8371877213,NA,920,0
"1734350788_2",1734350788,"DA1",71,36,-18018.47903,-1600.718232,-14706.82782,324,-18321.3847985863,-1764.80069709858,-16926.3142016108,703,724,2382.83393435329
"1734350788_1",1734350788,"DA1",19,9,-19095.84483,-567.8932015,-16285.47461,315,-19398.5736673486,-1754.59341642838,-17044.9135373424,745,782,1885.4299127994
"1796818119_3",1796818119,"DA2",13,6,-21191.11818,-2156.963625,-16295.20109,98,-21182.145845363,-2237.68588617891,-17006.6430332552,703,720,917.050247890983
"1796818119_1",1796818119,"DA2",29,15,-17953.3473,-2271.601817,-16093.4782,126,-18076.99910117,-1863.60185253279,-16601.1045729354,687,693,769.273043800565
"1796818119_2",1796818119,"DA2",34,15,-15634.90754,-1624.154735,-16703.85579,147,-16075.0815196036,-2072.81321774034,-17115.0652438855,656,670,891.773544037345
"5813024601_1",5813024601,"VA1v",53,18,-18566.58001,-1190.653758,-15658.07727,262,-19126.251589868,-1308.44003776119,-17200.7505638172,787,805,1840.95384702856
"5813024601_2",5813024601,"VA1v",48,11,-17282.67533,-833.7642833,-16082.716,271,-18118.2302375851,-1490.94201363543,-17317.9800487768,756,771,1752.21606096802
"1914140664_1",1914140664,"VM5d",36,15,-18199.619,-148.8019502,-16471.54484,305,-19024.8195583771,-814.95523087483,-16880.1014435003,771,788,1232.99663693059
"1914140664_3",1914140664,"VM5d",35,14,-18373.27762,-494.6012992,-15753.8103,316,-17998.6061946101,-921.127476875617,-17022.4305909199,695,767,1879.36962896005
"1914140664_2",1914140664,"VM5d",62,33,-16189.73038,-57.70620776,-14546.69899,316,-17998.6061946101,-921.127476875617,-17022.4305909199,695,731,3474.35493079239
"850375847_1",850375847,"VA1d",131,30,-17852.99102,-811.0291547,-15382.048,266,-18206.6429073594,-1495.93127187842,-16788.5308187976,653,707,1864.52791695833
"1734350908_2",1734350908,"DA1",24,10,-19843.12918,-1230.298675,-15826.14591,325,-19556.9397916185,-1961.35239122881,-16864.2714685345,821,846,1424.07147986979
"1734350908_3",1734350908,"DA1",47,29,-18379.65799,-1408.553006,-13215.44001,329,-19013.4876675398,-1847.50358408151,-16792.3547253838,717,765,4154.32441255083
"1734350908_1",1734350908,"DA1",29,10,-17429.23853,-1238.701885,-15951.4065,329,-19013.4876675398,-1847.50358408151,-16792.3547253838,717,813,2147.24589556678
"5813024710_1",5813024710,"DL2d",98,30,-16280.36336,-1077.841564,-15380.19668,365,-17023.9497610348,-1213.64131232903,-17206.4076073064,666,683,2359.24040286036
"5813039465_1",5813039465,"DL2v",130,44,-15225.7077,-3117.167112,-15529.96048,275,-16305.9502373936,-1717.43304091599,-17376.5975842687,618,643,3024.57445566801
"574032862_2",574032862,"VA5",53,16,-17726.9131,-2068.220673,-15940.45265,268,-18242.4671746414,-2027.06809766017,-16387.432035239,964,973,737.483446439392
"574032862_1",574032862,"VA5",97,36,-18453.15601,-2166.608737,-15164.90353,267,-18591.05961611,-1952.85288614663,-16294.662686147,995,1015,1378.22279463394
"574037281_3",574037281,"VA5",67,28,-18975.69071,-1721.17276,-15510.36316,265,-18970.6055074371,-2062.11563745322,-16637.6282347866,890,902,1262.0382637409
"574037281_1",574037281,"VA5",32,9,-16824.6472,-1972.075775,-16781.15216,279,-16841.2225673447,-1937.46611851175,-16781.2607236995,NA,920,0
"574037281_2",574037281,"VA5",62,20,-17301.60197,-1775.286938,-15966.4407,276,-17401.3000758937,-1842.56727174162,-16619.1761985306,858,874,785.615258659784
"727472481_2",727472481,"VM2",38,20,-16829.47621,-3819.834933,-14542.8664,100,-17763.8743023687,-1463.82150335542,-16938.1172326194,435,510,4779.82025903085
"727472481_1",727472481,"VM2",62,29,-19611.49478,-3713.158525,-14192.25452,95,-18286.0673405037,-1348.69819744523,-16933.9801612253,563,614,4802.52550349327
"727472481_3",727472481,"VM2",46,24,-15006.47567,-3368.839126,-14788.16195,100,-17763.8743023687,-1463.82150335542,-16938.1172326194,435,539,4297.12819170689
"1006258344_1",1006258344,"VM5d",82,33,-17880.99476,264.238844,-14773.56805,204,-18478.9824755375,-1116.71620589336,-17031.3568333316,3243,3340,3390.72880873659
"1006258344_2",1006258344,"VM5d",82,37,-15990.913,-718.2399806,-14017.89607,204,-18478.9824755375,-1116.71620589336,-17031.3568333316,3243,3285,4525.27851730894
"5813038889_2",5813038889,"D",68,28,-17849.65614,-2186.407939,-14831.5053,266,-19334.1982200311,-1580.55819133211,-17027.993365701,711,742,3084.13354690351
"5813038889_1",5813038889,"D",87,25,-19216.52872,-1084.212579,-15658.22491,266,-19334.1982200311,-1580.55819133211,-17027.993365701,711,794,1840.33732395797
"697485362_2",697485362,"DM5",35,28,-19786.65803,-4135.143332,-13802.41694,247,-19516.4903058393,-1633.85763328569,-16464.1766889885,1184,1230,4169.04354300168
"697485362_5",697485362,"DM5",54,38,-15568.28565,-3577.388055,-14505.39629,229,-16530.2478280785,-2189.01387927909,-16888.3138207646,1286,1328,4381.39098988405
"697485362_4",697485362,"DM5",32,13,-19639.78263,-2873.765625,-14992.09735,247,-19516.4903058393,-1633.85763328569,-16464.1766889885,1184,1206,2059.20739285614
"697485362_1",697485362,"DM5",31,18,-14689.90079,-3275.28513,-15550.98006,229,-16530.2478280785,-2189.01387927909,-16888.3138207646,1286,1313,2806.06220784025
"697485362_3",697485362,"DM5",14,4,-15775.07862,-2332.875176,-16623.36273,229,-16530.2478280785,-2189.01387927909,-16888.3138207646,1286,1292,835.361275050959
"5813050729_5",5813050729,"VA7m",33,16,-20991.73362,-2974.340923,-15726.78416,279,-21100.8178059918,-2425.90588189538,-17177.1684660343,950,973,2041.68550909285
"5813050729_4",5813050729,"VA7m",35,17,-19501.93287,-1875.947081,-14915.71433,289,-19353.5267359826,-2058.32542206476,-16850.9148189791,893,919,2197.74115078873
"5813050729_6",5813050729,"VA7m",28,17,-17546.89795,-3484.233207,-14211.79095,297,-18317.4235859392,-1779.48116952318,-16798.9748026655,806,858,3860.83382057602
"5813050729_2",5813050729,"VA7m",12,8,-17381.98597,-2281.70739,-15373.03962,297,-18317.4235859392,-1779.48116952318,-16798.9748026655,806,827,1918.8902900712
"5813050729_3",5813050729,"VA7m",15,8,-15702.02262,-1705.448796,-16311.53815,310,-16861.7990839125,-1826.96938846843,-17016.6839163031,730,795,1555.19901348338
"5813050729_1",5813050729,"VA7m",38,17,-16734.92302,-395.7076819,-15972.15466,310,-16861.7990839125,-1826.96938846843,-17016.6839163031,730,763,2437.45519530586
"697132371_1",697132371,"VM2",31,17,-19628.29744,-3506.583105,-14647.97858,259,-18946.970734137,-1249.24513485808,-16941.910017846,787,857,4210.46368287154
"697132371_4",697132371,"VM2",38,24,-19155.40754,-4122.015802,-14694.64296,259,-18946.970734137,-1249.24513485808,-16941.910017846,787,842,4827.07742817019
"697132371_6",697132371,"VM2",50,27,-16161.56304,-2868.404521,-14683.44394,271,-17460.3487724187,-1448.59783745084,-17134.7781150159,663,752,4541.61645469487
"697132371_2",697132371,"VM2",42,19,-14763.46974,-3138.067203,-15103.79321,271,-17460.3487724187,-1448.59783745084,-17134.7781150159,663,717,4814.03648242935
"1851393805_4",1851393805,"VM7d",66,41,-18540.8357,-2816.42366,-12914.2909,244,-18490.2289266369,-1553.84730304673,-17231.9290179415,899,946,5270.28990729334
"1851393805_1",1851393805,"VM7d",15,4,-18006.48888,-764.9669819,-16483.17182,244,-18490.2289266369,-1553.84730304673,-17231.9290179415,899,996,1789.31837700797
"1851393805_2",1851393805,"VM7d",5,4,-18404.04336,-1437.990543,-16123.5769,244,-18490.2289266369,-1553.84730304673,-17231.9290179415,899,910,1115.55949119236
"1851393805_3",1851393805,"VM7d",55,15,-15936.44861,-1374.979372,-15808.91003,248,-17701.9104880633,-1618.39559764498,-17292.9133361652,843,882,2586.34507955444
"2010992546_4",2010992546,"VM5v",49,27,-15513.19248,-658.7992616,-14414.23435,287,-17661.6780295136,-1035.0544481511,-16997.0523171272,681,715,3841.99231402984
"2010992546_6",2010992546,"VM5v",32,18,-21151.49783,-1142.041604,-15070.05038,260,-20691.5990504581,-1088.98894850218,-17148.1604787546,837,861,2325.95751608354
"2010992546_5",2010992546,"VM5v",16,6,-17355.89863,-998.4426265,-16651.16568,287,-17661.6780295136,-1035.0544481511,-16997.0523171272,681,779,567.618741987474
"2010992546_2",2010992546,"VM5v",33,12,-18790.99777,-484.2517511,-16728.30649,271,-19243.48460556,-858.859526649023,-16949.8410302002,813,820,781.98187700407
"2010992546_1",2010992546,"VM5v",10,4,-18215.93505,-702.318139,-16796.6037,283,-18033.7963073448,-898.5354576973,-16983.2482398526,800,803,454.562755166628
"2010992546_3",2010992546,"VM5v",17,9,-16384.54537,-366.214322,-15692.24834,287,-17661.6780295136,-1035.0544481511,-16997.0523171272,681,698,2049.0607038898
"788306724_4",788306724,"VC4",43,15,-19010.97462,42.61959226,-15857.89531,4192,-18892.4597249983,-809.268240756734,-16865.4296115996,4193,4262,1864.77727649414
"788306724_3",788306724,"VC4",52,27,-20433.97444,-1867.317838,-14700.57267,4114,-20641.7262292145,-1166.7036174243,-17142.0668808416,4115,4154,3208.19755304598
"788306724_1",788306724,"VC4",13,5,-20743.53949,-1033.51564,-16004.36759,4114,-20641.7262292145,-1166.7036174243,-17142.0668808416,4115,4131,1303.53736280781
"788306724_2",788306724,"VC4",39,17,-16139.00908,-2175.478065,-15815.1484,4192,-18892.4597249983,-809.268240756734,-16865.4296115996,4193,4235,3542.29350820087
"635416407_1",635416407,"DM5",6,3,-19801.01682,-1924.587871,-16085.21024,1017,-19669.8768127691,-1580.14512248484,-16488.8143770975,1018,1119,737.544761491409
"635416407_3",635416407,"DM5",56,47,-20707.74929,-3187.375899,-14432.64475,1017,-19669.8768127691,-1580.14512248484,-16488.8143770975,1018,1056,3365.67533448072
"635416407_2",635416407,"DM5",27,17,-18186.86583,-3507.38812,-14050.69274,888,-18596.5292137178,-1782.56529886066,-16504.747481214,889,981,3595.65683933462
"635416407_6",635416407,"DM5",29,22,-17209.89049,-3684.457062,-14248.20699,786,-16516.1441380478,-2173.65598627312,-17080.59057716,787,848,4157.636048384
"635416407_4",635416407,"DM5",8,3,-18653.1109,-1737.738621,-16388.43213,999,-18696.1121016157,-1749.34109276829,-16503.0920152852,1000,1000,151.36462598639
"635416407_5",635416407,"DM5",39,31,-14848.51473,-2962.508063,-14540.25186,786,-16516.1441380478,-2173.65598627312,-17080.59057716,787,839,3679.31845113884
"693479072_1",693479072,"VM7v",35,11,-17450.44455,-637.0697474,-15800.08934,253,-18674.4314575277,-1661.18555339319,-16870.8052058963,675,771,2724.68527233209
"693479072_2",693479072,"VM7v",58,31,-19005.83595,-2214.949128,-12959.11812,253,-18674.4314575277,-1661.18555339319,-16870.8052058963,675,722,4595.27151130122
"693479072_3",693479072,"VM7v",4,3,-18576.6327,-1517.719825,-16336.98403,253,-18674.4314575277,-1661.18555339319,-16870.8052058963,675,678,546.521858672619
"693479072_4",693479072,"VM7v",46,18,-16869.41196,-868.9611423,-14650.94875,253,-18674.4314575277,-1661.18555339319,-16870.8052058963,675,786,4204.30912336395
"1914823414_1",1914823414,"VM5d",40,12,-16782.67509,-505.8203868,-16380.23388,321,-17782.2695548034,-1182.90385690203,-16991.1162948654,689,708,1471.66040874256
"1914823414_2",1914823414,"VM5d",115,39,-18560.36427,246.7172079,-15336.08316,311,-18827.1610598353,-1004.62435463133,-16806.6899903908,735,756,2165.88595721194
"1882083076_4",1882083076,"VA7m",43,19,-21266.51556,-2899.534093,-15329.4921,188,-21203.613558297,-2558.30403684839,-17235.4205207024,3068,3098,2243.53158323021
"1882083076_3",1882083076,"VA7m",18,8,-18891.26394,-2015.047537,-15939.66354,171,-18879.4176520184,-2115.93299526242,-16743.0493286084,3115,3124,892.444742641772
"1882083076_2",1882083076,"VA7m",41,22,-18989.76048,-2765.512576,-14908.94814,171,-18879.4176520184,-2115.93299526242,-16743.0493286084,3115,3139,2296.11715250227
"1882083076_1",1882083076,"VA7m",30,11,-16589.25801,-1893.248656,-16196.90496,157,-17166.9366311469,-1778.85064520581,-16684.9254743387,3172,3178,862.887367282445
"1882083076_6",1882083076,"VA7m",11,4,-18379.20657,-824.8703627,-16256.22787,154,-16803.2548803421,-1781.92690329111,-16913.5105148986,3241,3290,2250.63085097402
"1882083076_5",1882083076,"VA7m",31,20,-15480.91165,-2161.397136,-14864.15252,157,-17166.9366311469,-1778.85064520581,-16684.9254743387,3172,3209,3230.46218402927
"1536947502_2",1536947502,"D",77,35,-17916.95681,-1984.119078,-14778.57609,263,-17971.0300725115,-1916.7319187616,-16922.7142292389,683,705,2476.92380789368
"1536947502_1",1536947502,"D",79,28,-19456.25418,-1412.518021,-15743.86867,252,-19514.9529226464,-1606.01207963151,-16798.0460520553,743,755,1145.25050941288
"1889253763_1",1889253763,"VM7v",94,37,-18982.78967,-1670.515634,-13734.27072,266,-18595.8841617397,-1790.23287890486,-17091.7330450264,697,802,3840.21193181462
"1889253763_3",1889253763,"VM7v",4,2,-18339.30501,-1671.17251,-16492.75839,266,-18595.8841617397,-1790.23287890486,-17091.7330450264,697,702,743.536515855864
"1889253763_2",1889253763,"VM7v",45,12,-15560.90682,-1469.674513,-15417.31192,266,-18595.8841617397,-1790.23287890486,-17091.7330450264,697,744,4133.80457971227
"1793014716_1",1793014716,"DL2d",71,23,-16006.1825,-1972.616953,-16218.0404,368,-16705.0985503011,-1507.36625078071,-16941.3992754653,701,710,1175.87462644634
"1793014716_2",1793014716,"DL2d",90,30,-15068.84397,-2415.531968,-14757.20295,368,-16705.0985503011,-1507.36625078071,-16941.3992754653,701,727,3092.49838232028
"5813055180_2",5813055180,"VA7m",22,8,-20029.05344,-2057.954293,-15987.95974,284,-19238.9792951208,-1934.49158896082,-16816.6983672228,829,851,1394.28546989538
"5813055180_4",5813055180,"VA7m",26,20,-19236.04463,-2977.811636,-14426.43714,290,-18701.0916827667,-2039.94076576238,-16632.7217720052,786,811,2837.06103244924
"5813055180_3",5813055180,"VA7m",21,12,-18609.96339,-2235.650911,-15837.61605,290,-18701.0916827667,-2039.94076576238,-16632.7217720052,786,791,939.030614472682
"5813055180_5",5813055180,"VA7m",28,14,-16853.62905,-2336.256176,-15572.72386,304,-17048.459346399,-1823.90618182891,-16806.7373441149,764,778,1580.41640924902
"5813055180_1",5813055180,"VA7m",61,24,-14977.51572,-2331.345288,-16617.44183,318,-15605.2054574285,-2391.97883438215,-17090.4320275208,727,731,756.348845880148
"5813050727_2",5813050727,"VM7d",85,17,-17492.64644,-406.5940683,-15951.72922,255,-18201.2341485167,-1429.35285606172,-17028.1643721142,819,888,1929.55880284324
"5813050727_1",5813050727,"VM7d",64,31,-18556.49338,-2146.685642,-13405.72009,255,-18201.2341485167,-1429.35285606172,-17028.1643721142,819,856,4118.89513974936
"5813050727_4",5813050727,"VM7d",12,4,-18417.52359,-1331.546846,-16295.46761,255,-18201.2341485167,-1429.35285606172,-17028.1643721142,819,826,967.936286575507
"5813050727_3",5813050727,"VM7d",32,9,-16767.79897,-1240.178746,-16310.56335,255,-18201.2341485167,-1429.35285606172,-17028.1643721142,819,942,2196.83770489877
"1818307672_5",1818307672,"VC3m",28,11,-19746.13421,-1665.332116,-15649.403,288,-19115.0670580983,-569.39440975771,-17147.0413841731,823,859,2521.9095650432
"1818307672_3",1818307672,"VC3m",49,26,-17029.05797,-2705.396296,-14241.7281,331,-14842.96988652,-1765.96226733301,-17480.7052551726,704,755,4370.8371134176
"1818307672_4",1818307672,"VC3m",27,7,-15654.46212,-2268.268453,-16491.79307,331,-14842.96988652,-1765.96226733301,-17480.7052551726,704,720,1485.77026337297
"1818307672_1",1818307672,"VC3m",26,6,-19168.34157,-674.3745332,-16626.81679,288,-19115.0670580983,-569.39440975771,-17147.0413841731,823,829,566.064643021114
"1818307672_2",1818307672,"VC3m",61,17,-16483.9349,-767.1131346,-16273.86528,309,-16967.5631357153,-860.804505227063,-17192.6168118555,783,792,1020.2156497195
"5813038793_1",5813038793,"DL2v",101,41,-16396.59512,-3347.900839,-15150.05276,284,-16359.8457821734,-1650.8705601607,-17212.06358654,733,763,3426.58871689919
"5813038793_2",5813038793,"DL2v",91,36,-14818.24017,-2627.909072,-15158.21708,284,-16359.8457821734,-1650.8705601607,-17212.06358654,733,828,3069.54905781102
"698508565_9",698508565,"V",18,12,-18245.5774,-4320.463239,-16030.78734,48,-18706.1462082402,-3613.56603425064,-16538.7023264236,1282,1309,1129.23669526866
"698508565_7",698508565,"V",12,4,-19874.43204,-3858.481181,-15831.16564,22,-19869.0357070949,-3893.10804008263,-15799.9818309526,NA,920,0
"698508565_8",698508565,"V",29,16,-18064.97961,-4662.073459,-14740.9537,80,-16139.79701724,-3132.80771299119,-16826.1680746305,1146,1213,3868.5532436137
"698508565_3",698508565,"V",19,13,-16322.42224,-4128.193567,-16051.22961,80,-16139.79701724,-3132.80771299119,-16826.1680746305,1146,1250,1477.09302198782
"698508565_6",698508565,"V",22,11,-17267.43909,-3948.386099,-14986.0079,80,-16139.79701724,-3132.80771299119,-16826.1680746305,1146,1232,3216.51667105535
"698508565_5",698508565,"V",14,10,-19706.96864,-4919.242581,-14589.53428,4,-19747.0482210647,-4882.84847626973,-14539.1848916209,NA,920,0
"698508565_11",698508565,"V",7,0,-17622.6915,-3194.137761,-16891.40729,61,-17629.0842207902,-3186.18383968851,-16916.9770744064,NA,920,0
"698508565_2",698508565,"V",27,20,-15722.38909,-3472.786885,-14805.76193,80,-16139.79701724,-3132.80771299119,-16826.1680746305,1146,1272,3220.25859776713
"698508565_4",698508565,"V",18,3,-15553.51413,-3038.757762,-16818.39462,84,-15570.8266489025,-3163.62908699882,-17016.6352446576,1068,84,0
"698508565_10",698508565,"V",11,9,-18582.24457,-4834.909121,-16301.55588,48,-18706.1462082402,-3613.56603425064,-16538.7023264236,1282,1300,1325.30742848421
"698508565_1",698508565,"V",33,16,-13738.31756,-2051.31067,-15310.70893,83,-15620.7782545971,-3057.35870882447,-16930.1847165435,1070,1127,3244.84985557017
"1857825571_1",1857825571,"DC3",89,27,-20587.52051,-750.4521141,-15864.07881,288,-21175.6217151489,-1685.19767116056,-16982.8374038625,911,933,1899.00956379255
"1857825571_2",1857825571,"DC3",72,30,-18449.02958,-1244.623163,-14199.02155,318,-18567.2028754817,-1652.72313453757,-16814.7033462166,779,806,3037.49119465663
"1857825571_3",1857825571,"DC3",57,24,-17051.02022,-1403.467175,-15420.49156,318,-18567.2028754817,-1652.72313453757,-16814.7033462166,779,856,2322.81095291642
"5813055147_1",5813055147,"VC4",93,39,-19789.47184,-2261.940232,-15011.14047,250,-19711.798954989,-1131.72710287937,-16803.2700714088,1028,1053,2336.5360586189
"5813055147_2",5813055147,"VC4",68,26,-17821.29147,-2803.45925,-14850.19988,261,-18403.316467767,-1216.82506163953,-17051.9692633016,902,935,2973.97569535178
"5813055147_3",5813055147,"VC4",48,17,-17415.45445,-968.8984422,-14008.85969,259,-18805.6337438165,-1189.03423715394,-16934.8869868182,955,1017,4050.49293287106
"1977916288_2",1977916288,"VM3",73,27,-19077.07878,-3855.057573,-14360.86402,1583,-20268.3917189213,-2095.20979776827,-16175.4451262307,2634,2667,3457.35879379708
"1977916288_1",1977916288,"VM3",123,40,-20013.83154,-3096.378437,-14717.32971,1583,-20268.3917189213,-2095.20979776827,-16175.4451262307,2634,2652,1983.87750361328
"788306624_1",788306624,"DM6",84,36,-19880.93365,-1547.065953,-14092.91209,251,-18604.9704895381,-756.977474128214,-16864.5663504011,653,688,3622.95295775602
"788306624_3",788306624,"DM6",77,31,-20831.15865,-3554.795529,-15037.34291,236,-20295.1049720729,-1463.73679213399,-17603.5700630836,745,790,4047.67705389675
"788306624_2",788306624,"DM6",43,12,-17574.1562,-463.1894171,-15566.38704,251,-18604.9704895381,-756.977474128214,-16864.5663504011,653,728,1862.82420028624
"5813039471_1",5813039471,"DC3",79,26,-19811.84693,-456.5053949,-16114.59834,265,-19134.7703072022,-1483.68682473406,-16668.7813587774,753,772,1765.67229589887
"5813039471_2",5813039471,"DC3",69,34,-17303.07971,-2085.055903,-13472.61909,271,-18343.5111675199,-1605.33827776683,-16718.1492414982,637,683,4452.05972602896
"5813039471_3",5813039471,"DC3",66,16,-18180.53687,-1245.227358,-15970.56321,271,-18343.5111675199,-1605.33827776683,-16718.1492414982,637,728,936.845805626545
"5813039235_2",5813039235,"DM6",56,29,-19626.33838,-1684.467338,-14363.39298,284,-19500.9311682874,-1333.21995795907,-17233.479283169,708,789,3576.73822673764
"5813039235_3",5813039235,"DM6",42,23,-19059.79813,-3068.530049,-13117.84025,284,-19500.9311682874,-1333.21995795907,-17233.479283169,708,764,5412.91932019063
"5813039235_1",5813039235,"DM6",99,45,-16634.24924,-663.7077702,-13567.99751,297,-18497.1475051616,-1333.70435617829,-16911.4311299371,627,670,4305.39546813551
"2064165421_7",2064165421,"V",10,4,-19188.556,-3838.162276,-15881.43632,550,-19178.5095818941,-3820.68405924191,-15957.5045830057,NA,920,0
"2064165421_10",2064165421,"V",27,12,-18534.00143,-4382.467578,-16141.34308,541,-18680.8704478766,-4006.64440500954,-16364.6063173379,559,560,409.137889339829
"2064165421_1",2064165421,"V",30,16,-17835.12472,-4742.610428,-15111.28236,511,-17669.478198249,-3275.60432739559,-16806.4548460391,568,601,2423.27079821211
"2064165421_3",2064165421,"V",4,1,-18464.07459,-3314.837727,-16673.32283,530,-18477.7104827412,-3347.9120236851,-16666.3971030833,NA,920,0
"2064165421_5",2064165421,"V",24,12,-16671.04379,-3955.792064,-16367.58803,351,-16398.5230217232,-3151.05839709924,-16993.2861081688,352,477,1651.64666350138
"2064165421_8",2064165421,"V",23,15,-15716.2658,-4029.508352,-14889.88265,351,-16398.5230217232,-3151.05839709924,-16993.2861081688,352,474,3496.77640368082
"2064165421_6",2064165421,"V",12,4,-15453.42986,-3476.740098,-16601.01233,351,-16398.5230217232,-3151.05839709924,-16993.2861081688,352,495,1349.10679747828
"2064165421_4",2064165421,"V",12,0,-14935.66577,-2886.246644,-16913.06429,351,-16398.5230217232,-3151.05839709924,-16993.2861081688,352,421,1887.55804628536
"2064165421_11",2064165421,"V",4,0,-15332.96648,-3152.993178,-16796.895,351,-16398.5230217232,-3151.05839709924,-16993.2861081688,352,366,1274.70295965653
"2064165421_9",2064165421,"V",21,9,-13972.43183,-2661.641387,-15837.97807,351,-16398.5230217232,-3151.05839709924,-16993.2861081688,352,401,3389.99118140901
"2064165421_2",2064165421,"V",16,8,-13490.69889,-1997.086006,-15582.0157,351,-16398.5230217232,-3151.05839709924,-16993.2861081688,352,411,4340.63767303345
"574374051_1",574374051,"VA5",72,24,-21450.29468,-2093.393566,-15637.31942,258,-21091.5698119049,-2507.41396529982,-16486.738479037,935,948,1265.44369975356
"574374051_3",574374051,"VA5",73,19,-17374.63323,-2033.27356,-16393.63014,288,-17451.248821193,-2058.09865028555,-16525.7773350152,NA,920,0
"574374051_2",574374051,"VA5",37,13,-18829.87207,-1547.704269,-15819.78356,276,-18817.4912904685,-2015.16643493059,-16302.4561760696,919,925,792.063359056278
"1914823337_1",1914823337,"VC3l",51,23,-19243.82642,-2400.443009,-14560.59715,257,-18650.510935002,-1064.88579918288,-16876.6713571744,822,863,3365.65708636733
"1914823337_2",1914823337,"VC3l",77,27,-18644.00845,-653.1236811,-14641.24072,257,-18650.510935002,-1064.88579918288,-16876.6713571744,822,916,2712.53974825249
"1914823337_3",1914823337,"VC3l",85,32,-15918.98654,-281.7639619,-14529.28149,259,-18349.1183538769,-1146.17585821371,-16898.4529628444,744,797,3982.98652122416
"5813055162_1",5813055162,"VA1d",108,38,-18101.67536,-1151.213755,-14199.38081,296,-19175.7644181404,-1356.3622496021,-16834.6801997494,779,810,3146.70597259306
"5813055162_2",5813055162,"VA1d",74,18,-17886.04758,-1498.302882,-16526.70699,307,-17850.6672810271,-1639.83167078934,-17048.9484999382,743,748,570.206945822403
"788648194_1",788648194,"DL2d",68,29,-14940.16041,-3656.359993,-15214.02018,305,-16581.4118700323,-1525.44027689304,-16856.6908065606,607,649,4380.8888799056
"788648194_4",788648194,"DL2d",91,32,-14687.21329,-2269.623822,-15346.89303,305,-16581.4118700323,-1525.44027689304,-16856.6908065606,607,720,2900.77476116207
"788648194_2",788648194,"DL2d",17,9,-15596.86566,-2026.012106,-16319.01573,305,-16581.4118700323,-1525.44027689304,-16856.6908065606,607,616,1303.64676518343
"788648194_3",788648194,"DL2d",40,16,-16201.66817,-2200.499177,-14968.90931,305,-16581.4118700323,-1525.44027689304,-16856.6908065606,607,761,3049.2896092727
"754854077_2",754854077,"VC4",68,27,-20194.34132,-1285.579756,-14485.6728,262,-18754.0789566595,-781.194471699923,-16852.3167764781,860,892,3262.59248268159
"754854077_1",754854077,"VC4",46,16,-17105.12212,-1824.539181,-15445.15868,275,-17602.2064034544,-1543.10455036612,-16895.0704102359,770,851,1891.31427650387
"754854077_3",754854077,"VC4",74,31,-16472.37897,-2194.011631,-14037.81404,275,-17602.2064034544,-1543.10455036612,-16895.0704102359,770,827,3618.24298842965
"5813070872_1",5813070872,"DM6",97,42,-19647.17391,-2080.533474,-14011.04065,301,-18923.0407127125,-1263.72961042564,-16782.9421781986,740,765,3297.1296293352
"5813070872_2",5813070872,"DM6",109,35,-16658.21464,-138.5627232,-13924.69287,306,-17998.0799326249,-1278.65793950854,-16964.6991320971,667,708,3829.24405825207
"1764091241_1",1764091241,"DM6",85,38,-19520.6038,-2584.049693,-13892.85957,267,-19699.9331722605,-1394.42276121263,-16958.758862944,712,775,3782.52907505198
"1764091241_2",1764091241,"DM6",87,25,-17603.58759,-151.6285273,-15056.51246,267,-19699.9331722605,-1394.42276121263,-16958.758862944,712,807,3397.83244538975
"544021095_3",544021095,"DA4l",50,29,-17886.6069,-3152.844371,-14271.13324,245,-18286.1883200789,-2394.22594305832,-16520.59696307,1491,1513,2718.16116523658
"544021095_2",544021095,"DA4l",87,39,-18149.49654,-2979.68733,-15683.57004,245,-18286.1883200789,-2394.22594305832,-16520.59696307,1491,1500,1150.65361939794
"544021095_1",544021095,"DA4l",58,22,-16727.74061,-2352.224325,-16299.1459,252,-17178.2306711465,-2505.27034511516,-16877.2914386986,1446,1460,954.616932439237
"1858171399_2",1858171399,"DC3",79,19,-20376.03084,-797.3768649,-16396.18951,238,-19802.159233087,-1608.745465071,-16747.0146514559,731,748,1133.6139218705
"1858171399_1",1858171399,"DC3",92,39,-17945.69901,-1271.043462,-14582.81322,251,-18213.9980117036,-1649.85119488021,-16985.7896582528,619,651,3045.07583156557
"1858171399_3",1858171399,"DC3",54,18,-17619.70604,-965.8898033,-15833.92603,251,-18213.9980117036,-1649.85119488021,-16985.7896582528,619,637,1781.11868247938
"1851061177_1",1851061177,"VA1d",189,46,-17646.24925,-1174.706976,-15200.09965,277,-18373.8044801096,-1651.96038345617,-16851.0442168488,753,830,2264.57405983497
"694834412_3",694834412,"VM4",19,8,-21043.98974,-1252.246209,-16533.90538,144,-20739.2576955185,-1056.88658109013,-17301.6829251836,3012,3027,1038.09280241675
"694834412_2",694834412,"VM4",76,28,-18990.62082,-2414.308406,-15584.89837,137,-19173.4596048622,-665.731959573563,-16974.7030919165,3070,3098,2535.1154771808
"694834412_4",694834412,"VM4",85,24,-14965.70552,-1952.396071,-16687.68946,114,-15036.2376586609,-1896.11009545611,-17376.9547800579,3173,3196,824.846704142269
"694834412_1",694834412,"VM4",68,22,-16075.93233,-669.2713202,-16501.41885,127,-17040.8121076507,-1077.95400190522,-17117.9759101806,3131,3142,1266.17851361472
"1692817033_4",1692817033,"VA7l",98,32,-17453.03625,-2654.33633,-15857.52908,214,-17557.6550477951,-2619.52344355127,-16057.1154990963,1247,1248,188.96111673703
"1692817033_2",1692817033,"VA7l",79,34,-19020.49404,-2535.558197,-15196.60688,207,-18905.197270713,-2579.30521057981,-16069.1151320196,1319,1329,1066.43544074147
"1692817033_1",1692817033,"VA7l",46,23,-17489.32843,-2946.342656,-14322.55535,214,-17557.6550477951,-2619.52344355127,-16057.1154990963,1247,1266,1849.77406854095
"1692817033_3",1692817033,"VA7l",142,50,-15318.11127,-2403.293593,-16095.31905,224,-15535.2501688182,-2520.66354570279,-16827.7887282198,1177,1183,804.12985908939
"662776660_3",662776660,"VC3m",96,38,-16005.58246,-606.6450794,-15170.97041,230,-15327.6454398721,-1422.85411144441,-17285.2420838447,752,776,2511.51400182329
"662776660_4",662776660,"VC3m",86,29,-18727.38352,-370.0961723,-15775.94488,216,-17366.6900066069,-634.510089096329,-17096.7820156676,875,899,2156.28627582666
"662776660_1",662776660,"VC3m",51,30,-17779.774,-1862.361078,-14505.93948,220,-16829.78073912,-826.422408909524,-17095.3021539602,812,854,3672.14205334061
"662776660_2",662776660,"VC3m",24,12,-17938.64146,-1824.151261,-15758.02511,220,-16829.78073912,-826.422408909524,-17095.3021539602,812,842,2385.06837600609
"636789080_1",636789080,"VC5",93,35,-15238.61977,-1920.584948,-15983.43757,188,-15515.2601545663,-2889.048814083,-17045.9681346051,1131,1148,1744.90655598719
"636789080_6",636789080,"VC5",17,6,-14499.57373,-3055.408877,-16690.26987,192,-14801.0460833957,-3092.69602243775,-17337.1993744663,1096,1100,772.115102176022
"636789080_4",636789080,"VC5",61,21,-17925.23939,-3474.512106,-15166.22688,174,-18163.420199335,-2582.6027615382,-16529.661332238,1236,1249,1793.15050050616
"636789080_3",636789080,"VC5",128,30,-17118.08262,-3160.668308,-16389.62923,180,-17158.9558294008,-2850.6579890685,-16700.8730273011,1192,1194,397.214583980903
"636789080_5",636789080,"VC5",56,13,-19282.37376,-2981.954891,-15875.83186,170,-19508.7279117602,-2463.11489980312,-16552.8248765966,1273,1280,961.701323730627
"636789080_2",636789080,"VC5",78,30,-20839.8507,-2364.930494,-15584.15763,164,-21218.6227751234,-2503.40976751616,-16856.2944300614,1306,1324,1607.14170068071
"5901222910_3",5901222910,"DM2",55,23,-20163.33403,-3773.665396,-14557.04296,192,-20305.8964165637,-2342.92385856297,-16349.4886315371,1658,1751,3137.24990981801
"5901222910_6",5901222910,"DM2",110,49,-18801.81,-4314.169364,-13290.51619,200,-18682.7244475201,-2220.31817573674,-16538.3926956802,1540,1578,4225.14768362084
"5901222910_5",5901222910,"DM2",68,23,-16406.79269,-1775.919207,-13791.03026,210,-17211.7101196084,-2066.79656615581,-16797.2797414551,1402,1505,3610.29861485299
"5901222910_2",5901222910,"DM2",53,30,-19910.05594,-2327.668129,-13464.52026,192,-20305.8964165637,-2342.92385856297,-16349.4886315371,1658,1686,3366.03127119053
"5901222910_1",5901222910,"DM2",113,55,-16135.95334,-3471.10588,-13723.14353,210,-17211.7101196084,-2066.79656615581,-16797.2797414551,1402,1436,4173.36794384343
"5901222910_4",5901222910,"DM2",4,1,-18851.60411,-1760.967671,-16221.5064,200,-18682.7244475201,-2220.31817573674,-16538.3926956802,1540,1647,958.973011537562
"5813055048_4",5813055048,"DC2",39,16,-19076.6281,-1066.887256,-14640.374,214,-19481.2469557924,-1705.14773360179,-16743.5472455517,1187,1265,2764.25972038163
"5813055048_5",5813055048,"DC2",81,36,-16028.66104,-901.0072353,-15357.6067,226,-17466.7814034201,-1887.86458730801,-16941.896431779,1025,1049,2639.91603707597
"5813055048_1",5813055048,"DC2",50,32,-18226.01474,-2686.521515,-14003.81123,220,-18421.5505192599,-1756.21132552843,-16633.307134976,1102,1133,3588.7819226174
"5813055048_6",5813055048,"DC2",23,8,-18194.79221,-2242.126518,-16223.13856,220,-18421.5505192599,-1756.21132552843,-16633.307134976,1102,1172,892.607260685141
"5813055048_3",5813055048,"DC2",20,8,-18147.43301,-1621.691394,-15553.39366,220,-18421.5505192599,-1756.21132552843,-16633.307134976,1102,1112,1251.69051619022
"5813055048_2",5813055048,"DC2",31,15,-18317.89251,-778.2728356,-14329.07015,214,-19481.2469557924,-1705.14773360179,-16743.5472455517,1187,1247,3737.46179586506
"630714299_7",630714299,"DM2",72,19,-20547.71757,-3606.763367,-15301.86984,185,-20212.6042925849,-2393.46929005287,-16209.8113643852,1604,1625,1910.03080033083
"630714299_4",630714299,"DM2",57,27,-18928.52132,-3856.263202,-13797.00285,188,-19708.2161631293,-1982.10158695388,-16276.8250026338,1488,1527,4334.59393273766
"630714299_1",630714299,"DM2",61,25,-15341.27503,-1060.810205,-13802.96446,200,-17357.7632097986,-2034.24474009499,-16927.1809865068,1238,1307,4310.5766258662
"630714299_5",630714299,"DM2",21,16,-19903.24889,-3002.215572,-13609.96951,188,-19708.2161631293,-1982.10158695388,-16276.8250026338,1488,1575,3633.50087979142
"630714299_3",630714299,"DM2",77,38,-17979.79202,-4063.843236,-13603.1472,193,-18670.7347614898,-2122.84737580458,-16526.3552296063,1394,1429,4123.98478684967
"630714299_6",630714299,"DM2",35,18,-15836.01604,-2332.98931,-13820.6049,200,-17357.7632097986,-2034.24474009499,-16927.1809865068,1238,1277,4842.14025659046
"630714299_8",630714299,"DM2",10,2,-18709.03747,-1446.575573,-16275.68171,193,-18670.7347614898,-2122.84737580458,-16526.3552296063,1394,1483,1222.31872182477
"630714299_2",630714299,"DM2",57,24,-14155.35117,-2286.667295,-14671.01651,200,-17357.7632097986,-2034.24474009499,-16927.1809865068,1238,1359,4753.10022553854
"693125078_3",693125078,"VC3l",69,24,-18064.95737,-489.5776686,-15401.17551,238,-18625.2182914224,-1202.08940011202,-17100.4058294241,938,957,2155.27961242404
"693125078_1",693125078,"VC3l",99,41,-15918.82835,-1150.659546,-14466.41025,240,-18120.5961158115,-1328.62254113472,-17130.9973985996,742,792,4256.32533952825
"693125078_2",693125078,"VC3l",80,40,-18636.05766,-3626.717652,-13463.52199,239,-18356.0070720516,-1277.05937387755,-17115.7317029213,829,877,4839.74817383106
"693483018_2",693483018,"DL5",93,37,-19089.35617,-1936.60414,-14228.81794,222,-18824.0538622186,-1030.55379940742,-16632.8785430791,1592,1615,2685.01430790264
"693483018_9",693483018,"DL5",27,22,-18215.63639,-2376.317724,-13224.34874,233,-17038.9244216902,-1208.18345875397,-16749.7342433223,1426,1470,4733.94272729338
"693483018_5",693483018,"DL5",95,32,-17341.85427,-424.9128355,-14679.35179,229,-17618.0610980507,-1102.61918724674,-16719.0672468074,1518,1543,2308.88057135285
"693483018_8",693483018,"DL5",54,11,-20692.83248,-1186.418301,-16506.64766,216,-20546.5675252291,-1245.22010645297,-16620.6205921345,1642,1642,190.578723891205
"693483018_3",693483018,"DL5",14,5,-17992.74197,-2381.175858,-14936.52927,233,-17038.9244216902,-1208.18345875397,-16749.7342433223,1426,1449,2732.31565025531
"693483018_1",693483018,"DL5",56,16,-17070.5201,-1535.384063,-16364.28986,233,-17038.9244216902,-1208.18345875397,-16749.7342433223,1426,1429,518.285095743049
"693483018_4",693483018,"DL5",33,10,-18136.51677,-403.634619,-16058.55957,224,-18570.1105546611,-1145.74810195684,-16729.0706904038,1567,1582,1169.13446568383
"693483018_7",693483018,"DL5",40,15,-16697.93166,-797.0540287,-15437.28033,232,-17230.4337778064,-1141.45013350755,-16729.4719674993,1493,1505,1507.0005028849
"5813056596_1",5813056596,"DC4",102,26,-19337.69756,-1973.663533,-15635.41903,5717,-19391.7305759859,-1801.15537862002,-15867.6503909824,5718,5718,220.714680073618
"5813056596_2",5813056596,"DC4",122,34,-18584.22967,-1616.522811,-15259.55679,5740,-18516.0947037412,-1734.77811350935,-15942.2112916928,5741,5742,689.564965269255
"1442819296_5",1442819296,"VC3m",93,33,-13733.77219,-1612.782326,-15370.52222,252,-14968.1061655458,-1914.36658921651,-17131.2062295403,945,971,2277.85559902214
"1442819296_1",1442819296,"VC3m",65,31,-18397.25379,-2697.962525,-14977.37977,254,-14668.8951665213,-2290.97018660058,-17209.340783357,872,917,4793.43505377535
"1442819296_4",1442819296,"VC3m",40,13,-18935.87656,-314.7301624,-16310.78467,233,-17487.8280829546,-745.309051526705,-17114.0471940081,1030,1053,1863.61624175287
"1442819296_3",1442819296,"VC3m",16,4,-16519.2025,-2886.373607,-16502.80542,254,-14668.8951665213,-2290.97018660058,-17209.340783357,872,895,2300.01930105788
"1442819296_2",1442819296,"VC3m",41,11,-15322.34861,-829.3991445,-16206.64855,243,-15974.881550368,-1192.77416933596,-17028.960427245,999,1016,1231.93170800809
"5813055025_2",5813055025,"VA3",55,30,-16977.63126,-1871.92081,-13814.74195,267,-18231.0485695745,-1693.79095868458,-17125.9375288506,840,878,3743.30834498812
"5813055025_3",5813055025,"VA3",98,45,-19847.56569,-1639.348886,-15044.3998,261,-19195.7587559619,-1471.00216269923,-16885.6892850202,964,1026,2974.55553106398
"5813055025_1",5813055025,"VA3",95,37,-16845.328,-2422.152668,-15102.29755,267,-18231.0485695745,-1693.79095868458,-17125.9375288506,840,916,2881.97837430288
"5813055025_4",5813055025,"VA3",44,12,-18845.33506,-781.6844466,-16196.79825,261,-19195.7587559619,-1471.00216269923,-16885.6892850202,964,1053,1143.94185914113
"1889253785_3",1889253785,"VA3",101,43,-16790.9733,-1305.292113,-14092.48975,269,-17567.2967999739,-1585.26257617732,-17066.4203166979,832,870,3416.11820106086
"1889253785_2",1889253785,"VA3",120,40,-19375.60986,-1336.659263,-14843.56854,265,-18440.9731944672,-1514.62049367701,-16792.1927216512,946,1006,2404.12289776452
"1889253785_1",1889253785,"VA3",99,30,-16220.68348,-1747.244938,-15838.71963,269,-17567.2967999739,-1585.26257617732,-17066.4203166979,832,917,2243.6770021073
"1850711304_1",1850711304,"VM1",214,47,-16261.99528,-2252.550821,-16234.20281,233,-16270.6287116885,-2338.12004773757,-16820.2873925728,981,982,329.261811601427
"1850711304_2",1850711304,"VM1",36,12,-18874.0255,-2263.947519,-16138.18126,213,-18854.4170601059,-1944.4683558991,-16571.940626749,1019,1023,559.818233039388
"1851389175_4",1851389175,"VM3",47,20,-18708.69681,-4301.933563,-14973.41636,227,-19373.9346763388,-2117.63238611387,-16258.7883713467,1291,1410,2981.72238489383
"1851389175_2",1851389175,"VM3",82,32,-20430.70471,-3527.589552,-14674.88335,227,-19373.9346763388,-2117.63238611387,-16258.7883713467,1291,1349,2736.5164518203
"1851389175_5",1851389175,"VM3",38,14,-18621.63648,-3727.947082,-14782.64921,227,-19373.9346763388,-2117.63238611387,-16258.7883713467,1291,1432,2512.22807132372
"1851389175_1",1851389175,"VM3",58,25,-17089.96186,-3414.500842,-14729.54885,230,-18990.2738720442,-1770.26144446535,-16285.1814792773,1157,1186,3322.18279180693
"1851389175_3",1851389175,"VM3",36,19,-16020.98871,-3321.467003,-14500.01265,230,-18990.2738720442,-1770.26144446535,-16285.1814792773,1157,1196,4991.44708878445
"1828206773_3",1828206773,"DC2",25,9,-18620.46573,-108.1813882,-16069.51484,254,-19635.5762703744,-1577.77823394663,-16970.6188712962,1143,1248,2236.44322068264
"1828206773_1",1828206773,"DC2",42,22,-17427.79068,-1977.317262,-14402.54603,261,-18574.5337859826,-1874.20224275729,-16890.612913291,1087,1119,3165.34999297291
"1828206773_2",1828206773,"DC2",45,32,-19441.86825,-1560.406204,-13782.83489,254,-19635.5762703744,-1577.77823394663,-16970.6188712962,1143,1197,3863.74065090845
"1828206773_6",1828206773,"DC2",16,7,-18367.85059,-1565.133801,-16250.36676,261,-18574.5337859826,-1874.20224275729,-16890.612913291,1087,1095,857.3062417447
"1828206773_4",1828206773,"DC2",51,29,-16754.93158,-635.7314713,-14383.93461,268,-17384.3130452842,-1798.28556181395,-16976.9045465225,1022,1056,3141.64590313725
"1828206773_5",1828206773,"DC2",75,29,-15404.10879,-1082.34746,-15466.666,271,-16869.3027752684,-1894.23421890318,-17133.3692932902,937,967,2781.93670362989
"1700946301_1",1700946301,"DL1",54,22,-17180.3697,-771.609123,-14481.77269,247,-17616.2528428344,-2354.18669322599,-16789.3930471226,800,909,3455.42904594134
"1700946301_4",1700946301,"DL1",61,36,-18018.37176,-3269.978166,-12906.19906,247,-17616.2528428344,-2354.18669322599,-16789.3930471226,800,849,5010.15905399939
"1700946301_2",1700946301,"DL1",67,34,-17781.47456,-2008.885086,-13115.71039,237,-19356.2701353781,-2184.08967458487,-16617.4084667147,1041,1083,4287.34252029299
"1700946301_5",1700946301,"DL1",64,26,-18893.56871,-953.9829842,-15309.68314,237,-19356.2701353781,-2184.08967458487,-16617.4084667147,1041,1136,2240.33524296492
"1700946301_7",1700946301,"DL1",71,30,-15815.61982,-1665.761857,-14761.33659,247,-17616.2528428344,-2354.18669322599,-16789.3930471226,800,962,3165.04356280013
"1700946301_3",1700946301,"DL1",4,3,-18930.6774,-1856.899702,-15056.38488,237,-19356.2701353781,-2184.08967458487,-16617.4084667147,1041,1060,1906.53504496313
"1700946301_6",1700946301,"DL1",12,8,-16910.73954,-1638.514539,-15854.04215,247,-17616.2528428344,-2354.18669322599,-16789.3930471226,800,890,1553.1965103849
"1700937093_5",1700937093,"DL1",22,9,-18031.46305,-1141.40061,-14711.89365,280,-17449.2621806352,-2482.09398695138,-16899.2408643523,816,959,3770.58410644668
"1700937093_8",1700937093,"DL1",41,25,-17864.68079,-2343.611269,-13903.0627,280,-17449.2621806352,-2482.09398695138,-16899.2408643523,816,928,3948.78470527547
"1700937093_2",1700937093,"DL1",60,26,-19579.57877,-924.131066,-14501.97555,264,-19966.3844554404,-2331.02299078043,-16634.1065817795,1125,1159,3078.78272026633
"1700937093_7",1700937093,"DL1",55,33,-18343.54724,-3260.708907,-13374.23126,274,-18175.2237357191,-2426.51123305132,-16728.0208070897,1054,1092,3744.69873896716
"1700937093_1",1700937093,"DL1",9,4,-17908.9388,-2775.051644,-15854.34895,274,-18175.2237357191,-2426.51123305132,-16728.0208070897,1054,1064,1037.12404862808
"1700937093_4",1700937093,"DL1",44,23,-19104.47628,-2156.266902,-14336.04925,264,-19966.3844554404,-2331.02299078043,-16634.1065817795,1125,1198,2684.15310719869
"1700937093_9",1700937093,"DL1",36,20,-16574.50129,-1562.509234,-15128.96985,280,-17449.2621806352,-2482.09398695138,-16899.2408643523,816,979,3262.9727665233
"1700937093_3",1700937093,"DL1",32,15,-17112.182,-905.6874292,-15242.60068,280,-17449.2621806352,-2482.09398695138,-16899.2408643523,816,852,2820.77374145984
"1700937093_6",1700937093,"DL1",45,21,-15040.63989,-1231.123183,-15621.98894,280,-17449.2621806352,-2482.09398695138,-16899.2408643523,816,1028,3354.51105910384
"606090268_5",606090268,"VC1",28,8,-19565.31056,-3026.006754,-16184.26063,211,-19605.4899329178,-2586.9354136127,-16729.2847066471,1689,1698,1008.0920355402
"606090268_1",606090268,"VC1",71,31,-18584.86687,-3054.387293,-15279.31869,214,-18807.8844576648,-2579.18090014168,-16722.0305101228,1631,1652,1865.18446707337
"606090268_3",606090268,"VC1",62,18,-21054.35204,-1761.026462,-15628.05843,206,-20555.350070265,-2727.77370519271,-16906.0598041684,1722,1744,2182.90015321894
"606090268_2",606090268,"VC1",110,31,-17385.412,-2960.387368,-16140.28044,219,-17656.2705438516,-2598.40734023852,-16768.1791559643,1584,1590,990.184433017914
"606090268_4",606090268,"VC1",91,36,-14734.14679,-1594.195755,-15901.17487,235,-15259.0799659874,-2742.73621732864,-17242.5997063597,1476,1498,2158.33404399219
"1850706912_4",1850706912,"VC2",96,33,-20646.06913,-3181.585708,-15580.5903,194,-20182.000946453,-2775.72579529704,-16235.3156660624,1640,1653,1098.85814716838
"1850706912_5",1850706912,"VC2",76,21,-15158.69206,-2999.265713,-16382.73199,219,-15762.9776149506,-2857.50512834575,-17117.128767759,1341,1352,1105.65047507131
"1850706912_6",1850706912,"VC2",64,30,-17249.37248,-4246.344316,-15308.74577,207,-17636.7708368819,-2766.12921639698,-16771.1914119273,1476,1527,2639.24371382379
"1850706912_2",1850706912,"VC2",78,31,-16279.82176,-3416.170183,-16154.79796,210,-17184.7490159277,-2774.42944086312,-16875.0795712863,1411,1434,1844.85547049883
"1850706912_3",1850706912,"VC2",42,18,-17253.11057,-3210.600969,-15336.84056,207,-17636.7708368819,-2766.12921639698,-16771.1914119273,1476,1544,2049.0084049261
"1850706912_1",1850706912,"VC2",88,34,-19030.08353,-3745.760667,-15254.4384,197,-19154.4827928325,-2693.6495066025,-16215.7045260039,1571,1588,1672.5373006499
"1640594274_9",1640594274,"DC1",46,14,-16358.83228,-62.01598364,-15098.34048,261,-17164.4657026591,-997.586039661604,-16441.8362507268,1795,1891,2033.6316198884
"1640594274_1",1640594274,"DC1",115,33,-15697.44704,-1268.666799,-16024.61544,262,-16876.6478972726,-998.866025103385,-16525.6224819333,1210,1787,1544.34895055829
"1640594274_2",1640594274,"DC1",174,84,-14554.75317,-1825.863255,-13723.01335,262,-16876.6478972726,-998.866025103385,-16525.6224819333,1210,1676,4752.33714110493
"1640594274_11",1640594274,"DC1",27,14,-18857.94739,-2528.772869,-13341.34929,252,-18981.8354734028,-1187.44975050053,-16255.9424162583,2173,2198,3512.50630916263
"1640594274_12",1640594274,"DC1",135,51,-17995.23836,-41.24889883,-14520.65533,258,-18002.5031897773,-993.509763992306,-16319.2025923729,1909,2152,2585.58639686747
"1640594274_8",1640594274,"DC1",81,49,-19433.34076,-868.0727926,-13683.16316,252,-18981.8354734028,-1187.44975050053,-16255.9424162583,2173,2399,3220.81313534083
"1640594274_3",1640594274,"DC1",19,12,-16424.77335,-603.7663389,-14637.99105,261,-17164.4657026591,-997.586039661604,-16441.8362507268,1795,1812,2198.08979758476
"1640594274_14",1640594274,"DC1",14,10,-19317.64201,-2347.272866,-12407.50882,252,-18981.8354734028,-1187.44975050053,-16255.9424162583,2173,2326,4835.07003457594
"1640594274_6",1640594274,"DC1",103,48,-16299.39723,-1043.220511,-13031.93142,261,-17164.4657026591,-997.586039661604,-16441.8362507268,1795,1832,3962.16918497479
"1640594274_5",1640594274,"DC1",45,39,-18052.89603,-4232.112673,-12952.35896,252,-18981.8354734028,-1187.44975050053,-16255.9424162583,2173,2220,5588.82366388731
"1640594274_10",1640594274,"DC1",14,17,-18073.62261,-3216.865978,-12343.02159,252,-18981.8354734028,-1187.44975050053,-16255.9424162583,2173,2296,5146.96165873381
"1640594274_4",1640594274,"DC1",14,11,-21170.83468,-3929.012547,-14491.99163,258,-18002.5031897773,-993.509763992306,-16319.2025923729,1909,2084,8942.72575165252
"1640594274_7",1640594274,"DC1",68,26,-14235.65205,-1933.17613,-15438.40852,262,-16876.6478972726,-998.866025103385,-16525.6224819333,1210,1607,3320.89722128352
"755518957_3",755518957,"DM3",59,24,-14366.13894,-2762.228447,-15250.04141,211,-15760.2421427116,-1716.52772225435,-17100.9715408754,1593,1745,2998.45977511147
"755518957_5",755518957,"DM3",109,55,-18803.75942,-4397.680902,-14260.71273,193,-19236.1994950813,-1206.2310911415,-16582.6351705692,1858,1900,4475.9847181624
"755518957_1",755518957,"DM3",105,34,-14690.45458,-3605.506317,-15804.67642,211,-15760.2421427116,-1716.52772225435,-17100.9715408754,1593,1768,2945.78727187529
"755518957_4",755518957,"DM3",150,58,-16519.69353,-3374.755382,-14528.8081,211,-15760.2421427116,-1716.52772225435,-17100.9715408754,1593,1624,3865.97128554315
"755518957_2",755518957,"DM3",103,49,-20115.23603,-2789.098656,-14389.56296,193,-19236.1994950813,-1206.2310911415,-16582.6351705692,1858,1993,3360.40315953564
"5813034571_3",5813034571,"VM5v",38,18,-16569.36261,-23.06080378,-15868.49005,266,-17817.1764064565,-1077.70459801756,-16907.0233246608,733,755,2151.98551115617
"5813034571_5",5813034571,"VM5v",43,12,-19818.15945,-2407.827385,-16054.49091,245,-20189.67043374,-1539.35979004831,-17344.2050879752,846,879,2300.7528696053
"5813034571_1",5813034571,"VM5v",19,9,-18222.64351,-840.6850721,-15996.76719,264,-18164.8291553043,-993.18228983986,-16854.0420483561,796,830,1012.82855254915
"5813034571_4",5813034571,"VM5v",16,7,-17192.13016,-529.3254318,-16388.80965,266,-17817.1764064565,-1077.70459801756,-16907.0233246608,733,744,1033.4230872868
"5813034571_2",5813034571,"VM5v",58,17,-17881.47339,97.34726971,-16089.52469,264,-18164.8291553043,-993.18228983986,-16854.0420483561,796,812,1587.57872463409
"5813069089_4",5813069089,"VL2a",162,48,-19469.36424,-614.9586356,-15252.03638,152,-18821.744399667,-1032.44340373849,-16142.6639515193,1087,1119,1335.55744270619
"5813069089_7",5813069089,"VL2a",76,36,-17962.78655,-1218.292641,-13208.40929,153,-18537.5709797664,-1155.53774246764,-16170.8847097447,994,1016,3421.72818596354
"5813069089_6",5813069089,"VL2a",67,36,-17760.67445,-2181.246734,-13529.18582,153,-18537.5709797664,-1155.53774246764,-16170.8847097447,994,1044,3318.73871530571
"5813069089_2",5813069089,"VL2a",201,53,-15509.97891,-257.2285717,-15414.57578,161,-16380.1792331953,-1223.41595714578,-16788.7045862449,908,969,2097.6895111699
"5813069089_1",5813069089,"VL2a",37,17,-17822.97624,-1490.397601,-14663.58191,153,-18537.5709797664,-1155.53774246764,-16170.8847097447,994,1002,1904.56570899175
"5813069089_3",5813069089,"VL2a",4,5,-18523.26471,-1106.413809,-16017.64912,153,-18537.5709797664,-1155.53774246764,-16170.8847097447,994,994,205.757138393784
"5813069089_5",5813069089,"VL2a",71,27,-16706.27588,-1905.166792,-14990.05012,153,-18537.5709797664,-1155.53774246764,-16170.8847097447,994,1068,2807.16544828428
"573333835_2",573333835,"DM4",51,15,-14364.24312,-3251.887372,-15776.78015,202,-16564.9251548759,-1292.29197736555,-17086.3738460972,1723,1901,3527.21411232073
"573333835_11",573333835,"DM4",110,49,-18702.22423,-4695.714354,-15496.225,190,-19624.2186682354,-2129.92627130193,-16211.6645579687,1959,2211,3331.20832126879
"573333835_9",573333835,"DM4",101,32,-19915.17741,-3618.242705,-15158.04727,190,-19624.2186682354,-2129.92627130193,-16211.6645579687,1959,2280,2273.43457075868
"573333835_7",573333835,"DM4",56,24,-16969.59241,-4447.307875,-14805.51584,190,-19624.2186682354,-2129.92627130193,-16211.6645579687,1959,2070,4463.28432377914
"573333835_6",573333835,"DM4",108,42,-20677.12879,-2722.608727,-14192.77948,190,-19624.2186682354,-2129.92627130193,-16211.6645579687,1959,2344,2773.73917451179
"573333835_10",573333835,"DM4",115,53,-19456.83533,-4650.032735,-13545.89977,190,-19624.2186682354,-2129.92627130193,-16211.6645579687,1959,2113,4336.25896801787
"573333835_1",573333835,"DM4",21,12,-18758.51353,-4030.512815,-14173.357,190,-19624.2186682354,-2129.92627130193,-16211.6645579687,1959,2106,3149.83269551545
"573333835_3",573333835,"DM4",70,29,-16698.49217,-3762.770958,-14109.11907,190,-19624.2186682354,-2129.92627130193,-16211.6645579687,1959,2038,4961.00479401123
"573333835_5",573333835,"DM4",5,1,-19459.14921,-2265.396158,-16054.98812,190,-19624.2186682354,-2129.92627130193,-16211.6645579687,1959,1959,384.749269005152
"573333835_8",573333835,"DM4",89,35,-14186.70527,-3666.774966,-15018.1557,202,-16564.9251548759,-1292.29197736555,-17086.3738460972,1723,1815,5377.82227187683
"573333835_14",573333835,"DM4",10,2,-15532.38746,-2909.527489,-16600.07496,202,-16564.9251548759,-1292.29197736555,-17086.3738460972,1723,1941,2285.3029055689
"573333835_12",573333835,"DM4",51,23,-16157.19069,-2911.699425,-14094.56997,190,-19624.2186682354,-2129.92627130193,-16211.6645579687,1959,2001,5966.2578196041
"573333835_4",573333835,"DM4",54,18,-13768.18743,-2537.233837,-15300.97857,202,-16564.9251548759,-1292.29197736555,-17086.3738460972,1723,1868,4087.23443402333
"1881751117_1",1881751117,"VA6",62,26,-19625.74914,-817.8910724,-15395.78442,151,-19129.8594299526,-1462.90668460241,-16096.6066834721,1612,1622,1510.52640673639
"1881751117_5",1881751117,"VA6",50,22,-20437.46614,-1284.124185,-15357.03404,149,-20191.6262600457,-1545.86282852663,-16191.8216859627,1643,1650,990.716682766252
"1881751117_8",1881751117,"VA6",90,43,-17470.07418,-1650.07629,-13434.22,154,-18084.5188213602,-1647.4307238613,-16082.3802656804,1461,1486,3097.9537723019
"1881751117_3",1881751117,"VA6",110,43,-18212.34061,-2360.080228,-14285.02975,153,-18343.8843379774,-1595.86131646181,-16045.7862086445,1561,1575,1962.29881155748
"1881751117_4",1881751117,"VA6",103,27,-20754.08134,-1640.928449,-16117.12393,148,-20586.618374838,-1647.73425545143,-16219.118052539,1666,1666,102.812450607892
"1881751117_7",1881751117,"VA6",46,26,-16523.37702,-1349.441619,-14833.79754,154,-18084.5188213602,-1647.4307238613,-16082.3802656804,1461,1545,2267.02885519948
"1881751117_2",1881751117,"VA6",58,17,-16323.28346,-1505.319116,-16528.38244,158,-17080.8787870527,-1642.68884259299,-16878.2723413397,1355,1437,1141.71034211907
"1881751117_9",1881751117,"VA6",27,14,-17313.23749,-1603.565192,-15141.63871,154,-18084.5188213602,-1647.4307238613,-16082.3802656804,1461,1471,1275.15195606867
"1881751117_6",1881751117,"VA6",95,39,-14889.99685,-928.4407921,-15615.03058,158,-17080.8787870527,-1642.68884259299,-16878.2723413397,1355,1384,2825.48680641183
"1977579449_5",1977579449,"VA2",132,53,-15801.53094,-3186.605049,-15540.02517,177,-17130.2777473364,-1265.17031972786,-16383.9186646905,1993,2016,2711.48458529267
"1977579449_1",1977579449,"VA2",54,29,-19429.08527,-4409.390034,-14716.34819,166,-20545.8775818943,-1394.51524238523,-16426.6516864688,2223,2274,5239.67824213472
"1977579449_6",1977579449,"VA2",141,54,-20707.56274,-2236.933117,-14832.09702,166,-20545.8775818943,-1394.51524238523,-16426.6516864688,2223,2391,2144.1075830342
"1977579449_4",1977579449,"VA2",114,60,-16840.66503,-3367.285199,-13606.17169,174,-17953.6505711521,-1081.40483201603,-16097.2900224933,2084,2157,3992.08755757365
"1977579449_7",1977579449,"VA2",40,27,-19853.67088,-3243.451188,-13868.6549,166,-20545.8775818943,-1394.51524238523,-16426.6516864688,2223,2312,3960.26978967512
"1977579449_3",1977579449,"VA2",100,49,-13974.10782,-3163.031981,-15503.01536,185,-15909.1471866251,-1563.67390770243,-16987.1310416053,1867,1891,3172.93966569915
"1977579449_2",1977579449,"VA2",100,46,-16847.41369,-2430.246983,-14511.40846,174,-17953.6505711521,-1081.40483201603,-16097.2900224933,2084,2211,2735.32926813614
"1977579449_8",1977579449,"VA2",6,5,-17250.43819,-1203.957538,-16248.77057,176,-17232.0464581675,-1242.850262575,-16324.10366202,2083,176,0
"635062078_1",635062078,"DP1m",130,69,-16433.44433,-2661.462457,-13469.31606,145,-17809.7967929236,-3233.67691561304,-16388.5639462461,2797,2871,3254.29328901936
"635062078_5",635062078,"DP1m",57,33,-20704.57693,-2206.246963,-14302.81389,136,-19947.7988125269,-2773.15485124666,-16395.405174498,3334,3413,2562.59626899275
"635062078_15",635062078,"DP1m",76,30,-20231.18789,-3649.394179,-15649.82712,136,-19947.7988125269,-2773.15485124666,-16395.405174498,3334,3512,1713.59435511243
"635062078_17",635062078,"DP1m",38,12,-20933.88259,-2121.050151,-15904.66981,134,-20482.9105037813,-2745.14634680351,-16635.9524911776,3549,3645,1327.59158089359
"635062078_7",635062078,"DP1m",106,43,-17110.06032,-4749.969296,-15457.81166,145,-17809.7967929236,-3233.67691561304,-16388.5639462461,2797,3001,2292.50337405364
"635062078_3",635062078,"DP1m",104,40,-15671.58699,-4493.343887,-15809.17644,152,-16171.456312605,-3304.23189263023,-16816.1961313858,2724,2740,1835.03068237538
"635062078_11",635062078,"DP1m",33,18,-20865.70562,-3236.357483,-14920.04962,136,-19947.7988125269,-2773.15485124666,-16395.405174498,3334,3460,2161.98031832469
"635062078_13",635062078,"DP1m",76,39,-19154.31335,-4734.050635,-15057.02881,142,-18770.3142538893,-3113.08082827941,-16243.198163134,3062,3224,2454.91443307525
"635062078_9",635062078,"DP1m",59,43,-19099.16421,-4799.994575,-13957.12795,142,-18770.3142538893,-3113.08082827941,-16243.198163134,3062,3096,3561.62296403242
"635062078_2",635062078,"DP1m",10,4,-19844.24629,-2952.4573,-13094.02009,136,-19947.7988125269,-2773.15485124666,-16395.405174498,3334,3370,4242.56797266848
"635062078_12",635062078,"DP1m",64,38,-18383.23318,-3858.103719,-13904.86306,142,-18770.3142538893,-3113.08082827941,-16243.198163134,3062,3163,2890.67510037425
"635062078_14",635062078,"DP1m",60,37,-17076.69947,-3802.777499,-13667.02378,145,-17809.7967929236,-3233.67691561304,-16388.5639462461,2797,2942,3611.85174071742
"635062078_8",635062078,"DP1m",91,35,-15175.10481,-670.4443449,-15751.12028,163,-14559.0604843147,-2827.6346703498,-17353.8642917104,2344,2468,3430.68249349492
"635062078_16",635062078,"DP1m",37,12,-18285.97851,-503.4707965,-16476.4593,134,-20482.9105037813,-2745.14634680351,-16635.9524911776,3549,3616,4328.47573492555
"635062078_6",635062078,"DP1m",66,31,-13941.52442,-3779.65833,-15668.72208,159,-15122.9654220117,-3086.0056630097,-16991.6950061644,2497,2615,2539.6292477885
"635062078_4",635062078,"DP1m",98,55,-14550.11573,-1921.924567,-15031.35664,159,-15122.9654220117,-3086.0056630097,-16991.6950061644,2497,2557,3424.17724397165
"635062078_10",635062078,"DP1m",49,21,-14667.31958,-2779.642575,-16307.64499,159,-15122.9654220117,-3086.0056630097,-16991.6950061644,2497,2506,980.00037036989
"542634818_15",542634818,"DM1",58,30,-15650.47488,-2777.371278,-13918.13734,163,-18005.7162106112,-2874.22385103657,-16585.7495850222,3359,3409,5624.55940289395
"542634818_12",542634818,"DM1",127,73,-16535.88743,-4173.246425,-14469.57168,163,-18005.7162106112,-2874.22385103657,-16585.7495850222,3359,3487,3633.70185847018
"542634818_10",542634818,"DM1",38,20,-20904.26141,-3678.09467,-14045.55151,157,-20001.4629259579,-2571.8982723004,-16275.8421268599,3930,3969,4132.67223673221
"542634818_4",542634818,"DM1",107,51,-19957.0798,-4108.790966,-15054.33185,157,-20001.4629259579,-2571.8982723004,-16275.8421268599,3930,3948,2271.6800010209
"542634818_1",542634818,"DM1",41,20,-16632.73313,-4715.898054,-15380.62182,163,-18005.7162106112,-2874.22385103657,-16585.7495850222,3359,3588,3062.3496868709
"542634818_11",542634818,"DM1",50,17,-20470.72663,-3007.61968,-14795.92828,157,-20001.4629259579,-2571.8982723004,-16275.8421268599,3930,4086,2080.870369171
"542634818_7",542634818,"DM1",113,50,-18334.35076,-4401.045798,-14122.97577,163,-18005.7162106112,-2874.22385103657,-16585.7495850222,3359,3737,3772.32736054288
"542634818_5",542634818,"DM1",22,18,-19374.72089,-3888.918865,-13487.93468,158,-19300.8330389513,-2506.20329573808,-16339.4048634874,3782,3912,3613.76166182222
"542634818_16",542634818,"DM1",40,29,-20981.22651,-2364.771532,-13788.91893,157,-20001.4629259579,-2571.8982723004,-16275.8421268599,3930,4129,3804.75645437674
"542634818_13",542634818,"DM1",138,61,-18338.72678,-5055.649101,-15645.70701,158,-19300.8330389513,-2506.20329573808,-16339.4048634874,3782,3849,3745.14786315238
"542634818_2",542634818,"DM1",58,22,-15247.15839,-4206.869859,-15966.42991,174,-16208.3617660277,-3063.18949278137,-16895.4088764636,3062,3283,1987.64117426696
"542634818_17",542634818,"DM1",82,37,-14491.77133,-4167.925687,-15599.28344,174,-16208.3617660277,-3063.18949278137,-16895.4088764636,3062,3198,2735.84671814283
"542634818_9",542634818,"DM1",7,3,-19339.90937,-2140.793152,-16125.69048,158,-19300.8330389513,-2506.20329573808,-16339.4048634874,3920,3922,429.901161969461
"542634818_8",542634818,"DM1",31,7,-15587.60743,-3200.163847,-16444.4993,174,-16208.3617660277,-3063.18949278137,-16895.4088764636,3062,3066,820.189503595618
"542634818_3",542634818,"DM1",66,36,-13636.99213,-2889.323323,-14983.3888,174,-16208.3617660277,-3063.18949278137,-16895.4088764636,3062,3163,3715.21575289163
"724816115_4",724816115,"DP1l",15,4,-14922.21477,-2662.206418,-16752.93894,190,-16834.0089035475,-2348.4041156226,-17001.1105032881,1290,1479,2668.88956798672
"724816115_7",724816115,"DP1l",76,45,-15597.14175,-2946.548664,-15033.54975,190,-16834.0089035475,-2348.4041156226,-17001.1105032881,1290,1412,3023.97623751329
"724816115_8",724816115,"DP1l",186,66,-20721.17627,-2900.136523,-15546.0331,176,-20144.3994553425,-2519.46236621334,-16839.9937149286,1662,1738,1786.04724152847
"724816115_6",724816115,"DP1l",117,52,-19185.26843,-3133.066517,-14713.4334,180,-19339.10306757,-2339.70206342381,-16780.7496318345,1502,1524,2369.47625543836
"724816115_1",724816115,"DP1l",153,77,-16711.11573,-3871.275748,-15419.5852,190,-16834.0089035475,-2348.4041156226,-17001.1105032881,1290,1353,2786.0261813337
"724816115_3",724816115,"DP1l",97,41,-18945.04291,-4013.011912,-15760.79332,179,-19591.4346939051,-2332.57276749281,-16769.1077466514,1591,1607,2373.18354387788
"724816115_9",724816115,"DP1l",84,37,-14140.44944,-2287.359197,-15835.81885,194,-15921.8009612424,-2481.69113599604,-17153.2932230548,1199,1262,2743.61926256838
"1944507292_6",1944507292,"VL2p",88,33,-17761.7047,-4052.589573,-15198.573,188,-17843.418253225,-2729.29404082811,-16288.3037695512,1397,1499,1951.05605168615
"1944507292_5",1944507292,"VL2p",100,28,-20270.89619,-2242.51595,-15350.42902,177,-20237.0692955125,-2850.30143791248,-16582.2383670498,1601,1612,1589.0787497568
"1944507292_7",1944507292,"VL2p",103,43,-18926.99282,-3395.43589,-14800.04451,185,-18621.2994742518,-2848.47734559247,-16365.0662984259,1542,1556,1740.73304265986
"1944507292_3",1944507292,"VL2p",119,47,-17565.72359,-3098.615207,-13444.38962,188,-17843.418253225,-2729.29404082811,-16288.3037695512,1397,1453,3289.21729097944
"1944507292_4",1944507292,"VL2p",139,66,-15138.22235,-1580.608679,-14475.10297,193,-16017.751833307,-2679.99665515084,-16722.3338848072,1265,1326,2897.18459821894
"1944507292_2",1944507292,"VL2p",102,35,-16340.50715,-3380.518224,-15667.65794,192,-16578.5748568425,-2642.79635739378,-16597.9680771297,1350,1374,1589.28402861362
"1944507292_8",1944507292,"VL2p",8,4,-15727.41083,-2646.992402,-16141.08622,193,-16017.751833307,-2679.99665515084,-16722.3338848072,1265,1268,646.484253470862
"1944507292_1",1944507292,"VL2p",70,24,-15388.10791,-503.9247426,-16214.95065,196,-15047.6242965325,-2727.88797552318,-17046.0597624026,1200,1232,2945.92503806183
"1630051981_7",1630051981,"VA4",99,52,-21322.8181,-3245.071806,-14582.85586,202,-21318.1065352138,-2428.65821536239,-16718.2433274621,1787,1812,2687.16380099402
"1630051981_2",1630051981,"VA4",115,65,-18644.85537,-4453.318618,-14836.30368,214,-19141.1749029208,-2129.57162197696,-16345.0166296234,1630,1744,3398.10870800755
"1630051981_3",1630051981,"VA4",96,47,-17087.12955,-3978.942451,-14861.13403,218,-18241.3284185716,-2243.02333581979,-16444.882956433,1516,1577,3279.95770614303
"1630051981_1",1630051981,"VA4",140,53,-15304.94394,-3523.673174,-15866.45138,229,-16536.8587888264,-2356.41038907006,-16912.1514739166,1326,1495,2310.88579884142
"1630051981_4",1630051981,"VA4",30,22,-16137.41184,-3775.25326,-14632.53222,218,-18241.3284185716,-2243.02333581979,-16444.882956433,1516,1557,3897.13400410485
"1630051981_6",1630051981,"VA4",55,30,-14417.6764,-2453.175945,-14381.04168,229,-16536.8587888264,-2356.41038907006,-16912.1514739166,1326,1371,4317.36397892952
